﻿<?xml version="1.0" encoding="utf-8" ?>
<uexplugins>
    <plugin 
        uexName="uexNFC" version="3.0.3" build = "3">
        <info>3:在EUExNFC中直接启用前台调用，优化了开始扫描时前端页面不能响应的问题;增加了stopScanNFC停止扫描NFC接口</info>
        <build>2:使用透明Activity，取消了弹出NFC应用选择下拉菜单</build>
        <build>1:添加了id和支持协议类型</build>
        <build>0:uexNFC插件</build>
    </plugin>
</uexplugins>